<?xml version="1.0" encoding="UTF-8"?>
<project xmlns="http://maven.apache.org/POM/4.0.0" xmlns:xsi="http://www.w3.org/2001/XMLSchema-instance" xsi:schemaLocation="http://maven.apache.org/POM/4.0.0 http://maven.apache.org/maven-v4_0_0.xsd">
  <parent>
    <artifactId>kafka-avro-java-course</artifactId>
    <groupId>com.github.simplesteph.udemy.kafka</groupId>
    <version>1.0-SNAPSHOT</version>
  </parent>
  <modelVersion>4.0.0</modelVersion>
  <artifactId>kafka-avro-v1</artifactId>
  <build>
    <plugins>
      <plugin>
        <artifactId>maven-compiler-plugin</artifactId>
        <version>3.7.0</version>
        <configuration>
          <source>1.8</source>
          <target>1.8</target>
        </configuration>
      </plugin>
      <plugin>
        <artifactId>maven-shade-plugin</artifactId>
        <version>2.1</version>
        <executions>
          <execution>
            <phase>package</phase>
            <goals>
              <goal>shade</goal>
            </goals>
            <configuration>
              <transformers>
                <transformer />
              </transformers>
            </configuration>
          </execution>
        </executions>
      </plugin>
      <plugin>
        <groupId>org.apache.avro</groupId>
        <artifactId>avro-maven-plugin</artifactId>
        <version>${avro.version}</version>
        <executions>
          <execution>
            <phase>generate-sources</phase>
            <goals>
              <goal>schema</goal>
              <goal>protocol</goal>
              <goal>idl-protocol</goal>
            </goals>
            <configuration>
              <sourceDirectory>${project.basedir}/src/main/resources/avro</sourceDirectory>
              <stringType>String</stringType>
              <createSetters>false</createSetters>
              <enableDecimalLogicalType>true</enableDecimalLogicalType>
              <fieldVisibility>private</fieldVisibility>
            </configuration>
          </execution>
        </executions>
      </plugin>
      <plugin>
        <groupId>org.codehaus.mojo</groupId>
        <artifactId>build-helper-maven-plugin</artifactId>
        <version>3.0.0</version>
        <executions>
          <execution>
            <id>add-source</id>
            <phase>generate-sources</phase>
            <goals>
              <goal>add-source</goal>
            </goals>
            <configuration>
              <sources>
                <source>target/generated-sources/avro</source>
              </sources>
            </configuration>
          </execution>
        </executions>
      </plugin>
    </plugins>
  </build>
  <repositories>
    <repository>
      <id>confluent</id>
      <url>http://packages.confluent.io/maven/</url>
    </repository>
  </repositories>
  <properties>
    <avro.version>1.8.2</avro.version>
    <confluent.version>3.3.1</confluent.version>
    <kafka.version>0.11.0.1</kafka.version>
  </properties>
</project>

